Comment,Designator,Footprint,LCSC Part #,Qty,In sourcing lock
100n,"C1,C10,C13,C19,C2,C20,C3,C6",C_0402_1005Metric,C1525,8,yes
15p,"C11,C12",C_0402_1005Metric,C1548,2,yes
22u,C14,C_0603_1608Metric,C59461,1,yes
4u7,"C15,C16",C_0402_1005Metric,C23733,2,yes
10u,"C21,C4,C7",C_0603_1608Metric,C19702,3,yes
1u,"C17,C18,C5",C_0402_1005Metric,C52923,3,yes
2u2,"C8,C9",C_0402_1005Metric,C107369,2,yes
"PESD5V0S1BL,315","D1,D2",SOD-882_L1.0-W0.6-BI,C84374,2,yes
ESD9X5.0ST5G,D3,SOD-923_L0.8-W0.6-LS1.0-RD,C87910,1,yes
1N5819WS,D4,D_SOD-323,C191023,1,yes
2u2,L1,L0806,C337891,1,yes
PMCXB290UE,"Q1,Q2",SOT1216_L1.1-W1.0-P0.35-BL-EP,C19654206,2,yes
10k,"R1,R15,R16,R17,R19",R_0402_1005Metric,C25744,5,dated lookup
2k2,"R10,R14",R_0402_1005Metric,C25879,2,dated lookup
5k1,R18,R_0402_1005Metric,C25905,1,dated lookup
33,R2,R_0402_1005Metric,C25105,1,dated lookup
100k,"R11,R12,R13,R3,R4,R5,R6",R_0402_1005Metric,C25741,7,yes
1M,"R8,R9",R_0402_1005Metric,C26083,2,dated lookup
10k B3435,RT1,R_0402_1005Metric,C77131,1,dated lookup
KMT022NGJLHS,SW1,SW-SMD_4P-L3.0-W2.6-P1.85-LS3.4,C221707,1,dated lookup
STM32U575CIUxQ,U1,QFN-48-1EP_7x7mm_P0.5mm_EP5.6x5.6mm,C5271013,1,dated lookup
SPH0641LU4H-1,U2,Knowles_LGA-5_3.5x2.65mm_Port0.6,C2879853,1,dated lookup
BQ25180YBGR,U3,DSBGA-8_L1.6-W0.9-R2-C4-P0.40-BL,C3682423,1,dated lookup
TPS7A2030PDQNR,U4,X2SON-4_L1.0-W1.0-P0.65-TL-EP,C5220164,1,yes
TPD2E2U06DRLR,U6,SOT-553-5_L1.6-W1.2-P0.50-LS1.6-TL-1,C1972959,1,dated lookup
32.768k,Y1,FC-135R_L3.2-W1.5,C32346,1,yes
