reference,function,quantity_per_board,assembly_quantity,required_quantity,order_quantity,manufacturer,requested_mpn,mpn,supplier_part_number,package,package_verified,footprint,pinout_verified,cad_status,model_3d_status,lifecycle,stock_checked_at,stock_quantity,moq,unit_price,currency,assembly_class,line_parts_cost,setup_fee,extended_fee,line_total_cost,datasheet_url,approved_alternates,substitution_approved,substitution_approval_evidence,design_critical,approval_required,status,evidence_url
C13;C19,100n decoupling 10V X5R,2,5,10,10,Murata Electronics,GRM033R61A104KE15D,GRM033R61A104KE15D,C76934,0201,yes,C_0201_0603Metric,yes,verified,not-required,active,2026-10-08T12:19Z,571587,1,0.0039,USD,Extended,0.039,0,3.0,3.039,https://www.lcsc.com/product-detail/C76934.html,"CL03A104KP3NNNC (C49062, Samsung, 0201 100n 10V X5R)",no,,no,no,PASS,https://www.lcsc.com/product-detail/C76934.html
C15,4u7 25V C15 0402,1,5,5,5,Murata Electronics,GRM155R61E475ME15D,GRM155R61E475ME15D,C2858031,0402,yes,C_0402_1005Metric,yes,verified,not-required,active,2026-10-08T12:19Z,117272,1,0.0833,USD,Extended,0.4165,0,3.0,3.4165,https://www.lcsc.com/product-detail/C2858031.html,none qualified: 25V 4u7 X5R 0402 only via Murata GRM155R61E475ME15D (Extended); re-search at freeze,no,,no,no,PASS,https://www.lcsc.com/product-detail/C2858031.html
C16,2u2 10V C9/C16 0201,1,5,5,5,Samsung Electro-Mechanics,CL03A225MP3CRNC,CL03A225MP3CRNC,C318539,0201,yes,C_0201_0603Metric,yes,verified,not-required,active,2026-10-08T12:19Z,74441,1,0.0179,USD,Extended,0.0895,0,3.0,3.0895,https://www.lcsc.com/product-detail/C318539.html,"GRM033R61A225ME47D (C319184, Murata 0201 2u2 10V; same 0.39 max per K4 B6)",no,,yes,yes,PASS,https://www.lcsc.com/product-detail/C318539.html
C17,1u 16V C17 0201,1,5,5,5,Samsung Electro-Mechanics,CL03A105MO3NRNC,CL03A105MO3NRNC,C318540,0201,yes,C_0201_0603Metric,yes,verified,not-required,active,2026-10-08T12:19Z,18491,1,0.0183,USD,Extended,0.0915,0,3.0,3.0915,https://www.lcsc.com/product-detail/C318540.html,Murata 0201 1u equivalent C335102 (K4 B6; verify 16V before swap),no,,yes,yes,PASS,https://www.lcsc.com/product-detail/C318540.html
C18,1u 0402,1,5,5,5,Samsung Electro-Mechanics,CL05A105KA5NQNC,CL05A105KA5NQNC,C52923,0402,yes,C_0402_1005Metric,yes,verified,not-required,active,2026-10-08T12:19Z,8284207,1,0.0107,USD,Basic,0.0535,0,0.0,0.0535,https://www.lcsc.com/product-detail/C52923.html,"none needed: Basic, 8.2M stock",no,,no,no,PASS,https://www.lcsc.com/product-detail/C52923.html
C21,10u 0402 C21,1,5,5,5,Samsung Electro-Mechanics,CL05A106MP5NUNC,CL05A106MP5NUNC,C315248,0402,yes,C_0402_1005Metric,yes,verified,not-required,active,2026-10-08T12:19Z,384040,1,0.0298,USD,Extended,0.149,0,3.0,3.149,https://www.lcsc.com/product-detail/C315248.html,"GRM155R61A106ME11D (C408132, Murata 10u 10V X5R 0402, 559k stock)",no,,no,no,PASS,https://www.lcsc.com/product-detail/C315248.html
D4,D4 Schottky 30V 0.5A SOD-882,1,5,5,5,Nexperia,"PMEG3005EL,315","PMEG3005EL,315",C282565,SOD-882,yes,D_SOD-882,yes,verified,not-required,active,2026-10-08T12:19Z,43332,1,0.115,USD,Extended,0.575,0,3.0,3.575,https://www.lcsc.com/product-detail/C282565.html,"none in SOD-882 in stock (PMEG3005AEL not stocked); fallback RB521S30T1G (C145179, SOD-523, larger: layout change)",no,,yes,yes,USER_REVIEW,https://www.lcsc.com/product-detail/C282565.html
D5,D5 TVS 1-ch X1SON-2,1,5,5,5,Texas Instruments,TPD1E10B06DPYR,TPD1E10B06DPYR,C48260,X1SON-2,yes,X1SON-2_L1.0-W0.6-P0.65-BI-1,yes,verified,not-required,active,2026-10-08T12:19Z,299308,1,0.0417,USD,Extended,0.2085,0,3.0,3.2085,https://www.lcsc.com/product-detail/C48260.html,"TPD1E10B06DPYR (C2937015, DFN1006-2, same MPN other package listing: footprint differs, verify)",no,,yes,yes,USER_REVIEW,https://www.lcsc.com/product-detail/C48260.html
J20,J20 BM28 receptacle 30P 0.35 (M),1,5,5,5,HRS(Hirose),BM28B0.6-30DS/2-0.35V(51),BM28B0.6-30DS/2-0.35V(51),C424571,BM28 30P 0.35mm,yes,BM28B0.6-30DP_2-0.35V,yes,verified,not-required,active,2026-10-08T12:19Z,717,1,0.2096,USD,Extended,1.048,0,3.0,4.048,https://www.lcsc.com/product-detail/C424571.html,none: Hirose-only mating family; stock 717 is low but covers 5 boards,no,,yes,yes,USER_REVIEW,https://www.lcsc.com/product-detail/C424571.html
R10;R14,R10/R14 2k2,2,5,10,10,UNI-ROYAL(Uniroyal Elec),0201WMF2201TEE,0201WMF2201TEE,C473508,0201,yes,R_0201_0603Metric,yes,verified,not-required,active,2026-10-08T12:19Z,299733,1,0.0015,USD,Extended,0.015,0,3.0,3.015,https://www.lcsc.com/product-detail/C473508.html,"any 2k2 1% 0201 (R10 carries >=1mA, 2.2mW of 50mW)",no,,no,no,PASS,https://www.lcsc.com/product-detail/C473508.html
R12;R13,100k 0201,2,5,10,10,UNI-ROYAL(Uniroyal Elec),0201WMF1003TEE,0201WMF1003TEE,C270364,0201,yes,R_0201_0603Metric,yes,verified,not-required,active,2026-10-08T12:19Z,400705,1,0.0015,USD,Extended,0.015,0,3.0,3.015,https://www.lcsc.com/product-detail/C270364.html,any 100k 1% 0201,no,,no,no,PASS,https://www.lcsc.com/product-detail/C270364.html
R15;R16,R15/R16 10k,2,5,10,10,UNI-ROYAL(Uniroyal Elec),0201WMF1002TEE,0201WMF1002TEE,C473048,0201,yes,R_0201_0603Metric,yes,verified,not-required,active,2026-10-08T12:19Z,9807421,1,0.0014,USD,Extended,0.014,0,3.0,3.014,https://www.lcsc.com/product-detail/C473048.html,any 10k 1% 0201,no,,no,no,PASS,https://www.lcsc.com/product-detail/C473048.html
R20,R20 0 ohm link 0402,1,5,5,5,UNI-ROYAL(Uniroyal Elec),0402WGF0000TCE,0402WGF0000TCE,C17168,0402,yes,R_0402_1005Metric,yes,verified,not-required,active,2026-10-08T12:19Z,8655595,1,0.0025,USD,Basic,0.0125,0,0.0,0.0125,https://www.lcsc.com/product-detail/C17168.html,any 0R 0402 (Basic),no,,no,no,PASS,https://www.lcsc.com/product-detail/C17168.html
R30,R30 33R mic supply filter,1,5,5,5,UNI-ROYAL(Uniroyal Elec),0402WGF330JTCE,0402WGF330JTCE,C25105,0402,yes,R_0402_1005Metric,yes,verified,not-required,active,2026-10-08T12:19Z,1794255,1,0.0012,USD,Basic,0.006,0,0.0,0.006,https://www.lcsc.com/product-detail/C25105.html,"RC0402FR-0733RL (C138002, Yageo 33R 1% 0402)",no,,yes,yes,PASS,https://www.lcsc.com/product-detail/C25105.html
R8;R9,1M 0201,2,5,10,10,UNI-ROYAL(Uniroyal Elec),0201WMF1004TEE,0201WMF1004TEE,C473482,0201,yes,R_0201_0603Metric,yes,verified,not-required,active,2026-10-08T12:19Z,315085,1,0.0015,USD,Extended,0.015,0,3.0,3.015,https://www.lcsc.com/product-detail/C473482.html,any 1M 1% 0201,no,,no,no,PASS,https://www.lcsc.com/product-detail/C473482.html
RT1,RT1 NTC 10k B3435,1,5,5,5,Murata Electronics,NCP03XH103F05RL,NCP03XH103F05RL,C98098,0201,yes,R_0201_0603Metric,yes,verified,not-required,active,2026-10-08T12:19Z,85467,1,0.0166,USD,Extended,0.083,0,3.0,3.083,https://www.lcsc.com/product-detail/C98098.html,"NCU03XH103F60RL (C43469141, 80 stock: too thin) : none practical; keep",no,,no,no,PASS,https://www.lcsc.com/product-detail/C98098.html
SW1,SW1 tact switch KMT022,1,5,5,5,C&K,KMT022NGJLHS,KMT022NGJLHS,C221707,SMD-4P 3.0x2.6,yes,SW-SMD_4P-L3.0-W2.6-P1.85-LS3.4,yes,verified,not-required,active,2026-10-08T12:19Z,4884,1,0.3902,USD,Extended,1.951,0,3.0,4.951,https://www.lcsc.com/product-detail/C221707.html,"none: stroke 0.15 mm is the design (K4-SW1-PRESS); PTS810 (C221895) is 4.2x3.2, does not fit",no,,yes,yes,USER_REVIEW,https://www.lcsc.com/product-detail/C221707.html
U2,U2 PDM mic SPH0641LU4H-1,1,5,5,5,Knowles,SPH0641LU4H-1,SPH0641LU4H-1,C2879853,LGA-5 3.5x2.65,yes,Knowles_LGA-5_3.5x2.65mm_Port0.65,yes,verified,not-required,active,2026-10-08T12:19Z,1037,1,1.9915,USD,Extended,9.9575,0,3.0,12.9575,https://www.lcsc.com/product-detail/C2879853.html,none: ICS-43434 (C5656610) is I2S not PDM and LGA-6; not a swap,no,,yes,yes,USER_REVIEW,https://www.lcsc.com/product-detail/C2879853.html
U3,U3 BQ25180 charger,1,5,5,5,Texas Instruments,BQ25180YBGR,BQ25180YBGR,C3682423,DSBGA-8 0.4mm,yes,DSBGA-8_L1.6-W0.9-R2-C4-P0.40-BL,yes,verified,not-required,active,2026-10-08T12:19Z,4234,1,2.0419,USD,Extended,10.2095,0,3.0,13.2095,https://www.lcsc.com/product-detail/C3682423.html,"none: single-source, no pin-compatible charger",no,,yes,yes,USER_REVIEW,https://www.lcsc.com/product-detail/C3682423.html
U4,U4 TPS7A2030 LDO 3.0V,1,5,5,5,Texas Instruments,TPS7A2030PDQNR,TPS7A2030PDQNR,C5220164,X2SON-4 1x1,yes,X2SON-4_L1.0-W1.0-P0.65-TL-EP,yes,verified,not-required,active,2026-10-08T12:19Z,3271,1,0.2176,USD,Extended,1.088,0,3.0,4.088,https://www.lcsc.com/product-detail/C5220164.html,"TLV75530PDQNR (C2860044, same X2SON-4 1x1; 3.0 V; 844 stock; Iq/noise differ: re-run LDO check)",no,,yes,yes,USER_REVIEW,https://www.lcsc.com/product-detail/C5220164.html
U6,U6 TPD2E2U06 USB ESD,1,5,5,5,Texas Instruments,TPD2E2U06DRLR,TPD2E2U06DRLR,C1972959,SOT-553-5,yes,SOT-553-5_L1.6-W1.2-P0.50-LS1.6-TL-1,yes,verified,not-required,active,2026-10-08T12:19Z,7346,1,0.3224,USD,Extended,1.612,0,3.0,4.612,https://www.lcsc.com/product-detail/C1972959.html,none checked: single-source SOT-553 footprint,no,,yes,yes,USER_REVIEW,https://www.lcsc.com/product-detail/C1972959.html
C1;C10;C2;C3;C6,100n decoupling 10V X5R,5,5,25,25,Murata Electronics,GRM033R61A104KE15D,GRM033R61A104KE15D,C76934,0201,yes,C_0201_0603Metric,yes,verified,not-required,active,2026-10-08T12:19Z,571587,1,0.0039,USD,Extended,0.0975,0,0.0,0.0975,https://www.lcsc.com/product-detail/C76934.html,"CL03A104KP3NNNC (C49062, Samsung, 0201 100n 10V X5R)",no,,no,no,PASS,https://www.lcsc.com/product-detail/C76934.html
C11;C12,8p2 C0G crystal load,2,5,10,10,Murata Electronics,GRM0335C1H8R2BA01D,GRM0335C1H8R2BA01D,C161441,0201,yes,C_0201_0603Metric,yes,verified,not-required,active,2026-10-08T12:19Z,23841,1,0.0043,USD,Extended,0.043,0,3.0,3.043,https://www.lcsc.com/product-detail/C161441.html,none: C0G 8.2p 0201 value fixes CL=7pF; re-pick only with a calculated CL,no,,no,no,PASS,https://www.lcsc.com/product-detail/C161441.html
C14,22u bulk 0603,1,5,5,5,Samsung Electro-Mechanics,CL10A226MQ8NRNC,CL10A226MQ8NRNC,C59461,0603,yes,C_0603_1608Metric,yes,verified,not-required,active,2026-10-08T12:19Z,7805483,1,0.0311,USD,Basic,0.1555,0,0.0,0.1555,https://www.lcsc.com/product-detail/C59461.html,"none needed: Basic, 7.8M stock; any 22u 10V X5R 0603 after DC-bias check",no,,no,no,PASS,https://www.lcsc.com/product-detail/C59461.html
C22,10n X7R 25V,1,5,5,5,Murata Electronics,GRM033R71E103KE14D,GRM033R71E103KE14D,C85930,0201,yes,C_0201_0603Metric,yes,verified,not-required,active,2026-10-08T12:19Z,511797,1,0.0047,USD,Extended,0.0235,0,3.0,3.0235,https://www.lcsc.com/product-detail/C85930.html,"none: non-critical, any 10n X7R 0201 >=16V",no,,no,no,PASS,https://www.lcsc.com/product-detail/C85930.html
C4;C7,10u 0603 SMPS/bulk,2,5,10,10,Samsung Electro-Mechanics,CL10A106KP8NNNC,CL10A106KP8NNNC,C19702,0603,yes,C_0603_1608Metric,yes,verified,not-required,active,2026-10-08T12:19Z,11872730,1,0.0304,USD,Basic,0.304,0,0.0,0.304,https://www.lcsc.com/product-detail/C19702.html,"none needed: Basic, 11.8M stock",no,,no,no,PASS,https://www.lcsc.com/product-detail/C19702.html
C5,1u 0402,1,5,5,5,Samsung Electro-Mechanics,CL05A105KA5NQNC,CL05A105KA5NQNC,C52923,0402,yes,C_0402_1005Metric,yes,verified,not-required,active,2026-10-08T12:19Z,8284207,1,0.0107,USD,Basic,0.0535,0,0.0,0.0535,https://www.lcsc.com/product-detail/C52923.html,"none needed: Basic, 8.2M stock",no,,no,no,PASS,https://www.lcsc.com/product-detail/C52923.html
C8,2u2 10V SMPS loop C8,1,5,5,5,Samsung Electro-Mechanics,CL05A225KP5NSNC,CL05A225KP5NSNC,C107369,0402,yes,C_0402_1005Metric,yes,verified,not-required,active,2026-10-08T12:19Z,821016,1,0.0129,USD,Extended,0.0645,0,3.0,3.0645,https://www.lcsc.com/product-detail/C107369.html,"GRM155R61A106ME11D is 10u not 2u2: none qualified; keep Samsung, DC-bias curve per K4 B6",no,,no,no,PASS,https://www.lcsc.com/product-detail/C107369.html
C9,2u2 10V C9/C16 0201,1,5,5,5,Samsung Electro-Mechanics,CL03A225MP3CRNC,CL03A225MP3CRNC,C318539,0201,yes,C_0201_0603Metric,yes,verified,not-required,active,2026-10-08T12:19Z,74441,1,0.0179,USD,Extended,0.0895,0,0.0,0.0895,https://www.lcsc.com/product-detail/C318539.html,"GRM033R61A225ME47D (C319184, Murata 0201 2u2 10V; same 0.39 max per K4 B6)",no,,yes,yes,PASS,https://www.lcsc.com/product-detail/C318539.html
J21,J21 BM28 plug 30P 0.35 (P),1,5,5,5,HRS(Hirose),BM28B0.6-30DP/2-0.35V(51),BM28B0.6-30DP/2-0.35V(51),C424570,BM28 30P 0.35mm,yes,BM28B0.6-30DP_2-0.35V,yes,verified,not-required,active,2026-10-08T12:19Z,19972,1,0.1829,USD,Extended,0.9145,0,3.0,3.9145,https://www.lcsc.com/product-detail/C424570.html,none: Hirose-only mating family (mates only with the C424571 receptacle),no,,yes,yes,USER_REVIEW,https://www.lcsc.com/product-detail/C424570.html
L1,L1 2u2 DFE201610E,1,5,5,5,Murata Electronics,DFE201610E-2R2M=P2,DFE201610E-2R2M=P2,C337891,0806,yes,L0806,yes,verified,not-required,active,2026-10-08T12:19Z,2537,1,0.1366,USD,Extended,0.683,0,3.0,3.683,https://www.lcsc.com/product-detail/C337891.html,none: ST DCR/ISAT rule; 2537 stock,no,,yes,yes,PASS,https://www.lcsc.com/product-detail/C337891.html
Q1;Q2,Q1/Q2 H-bridge MOSFET,2,5,10,10,Nexperia,PMCXB290UEZ,PMCXB290UEZ,C19654206,DFN1010B-6,yes,Nexperia_SOT1216_DFN1010B-6,yes,verified,not-required,active,2026-10-08T12:19Z,5000,1,0.1706,USD,Extended,1.706,0,3.0,4.706,https://www.lcsc.com/product-detail/C19654206.html,none: footprint-specific; covers 5 boards (5000 stock),no,,yes,yes,USER_REVIEW,https://www.lcsc.com/product-detail/C19654206.html
R1,R1 10k 0402,1,5,5,5,UNI-ROYAL(Uniroyal Elec),0402WGF1002TCE,0402WGF1002TCE,C25744,0402,yes,R_0402_1005Metric,yes,verified,not-required,active,2026-10-08T12:19Z,19716989,1,0.0034,USD,Basic,0.017,0,0.0,0.017,https://www.lcsc.com/product-detail/C25744.html,any 10k 1% 0402 (Basic),no,,no,no,PASS,https://www.lcsc.com/product-detail/C25744.html
R2,R2 33R 0201,1,5,5,5,UNI-ROYAL(Uniroyal Elec),0201WMF330JTEE,0201WMF330JTEE,C473457,0201,yes,R_0201_0603Metric,yes,verified,not-required,active,2026-10-08T12:19Z,5253,1,0.0017,USD,Extended,0.0085,0,3.0,3.0085,https://www.lcsc.com/product-detail/C473457.html,any 33R 5% 0201,no,,no,no,PASS,https://www.lcsc.com/product-detail/C473457.html
R21,R21 0.1R sense,1,5,5,5,PANASONIC,ERJ2BSFR10X,ERJ2BSFR10X,C409058,0402,yes,R_0402_1005Metric,yes,verified,not-required,active,2026-10-08T12:19Z,15678,1,0.0732,USD,Extended,0.366,0,3.0,3.366,https://www.lcsc.com/product-detail/C409058.html,none qualified; Kelvin pads depend on this 0402; ERJ2BSFR10X only,no,,yes,yes,PASS,https://www.lcsc.com/product-detail/C409058.html
R22,R22 1k 0201,1,5,5,5,UNI-ROYAL(Uniroyal Elec),0201WMF1001TEE,0201WMF1001TEE,C270365,0201,yes,R_0201_0603Metric,yes,verified,not-required,active,2026-10-08T12:19Z,1646570,1,0.0013,USD,Extended,0.0065,0,3.0,3.0065,https://www.lcsc.com/product-detail/C270365.html,any 1k 1% 0201,no,,no,no,PASS,https://www.lcsc.com/product-detail/C270365.html
R23,1M 0201,1,5,5,5,UNI-ROYAL(Uniroyal Elec),0201WMF1004TEE,0201WMF1004TEE,C473482,0201,yes,R_0201_0603Metric,yes,verified,not-required,active,2026-10-08T12:19Z,315085,1,0.0015,USD,Extended,0.0075,0,0.0,0.0075,https://www.lcsc.com/product-detail/C473482.html,any 1M 1% 0201,no,,no,no,PASS,https://www.lcsc.com/product-detail/C473482.html
R3;R4;R5;R6,100k 0201,4,5,20,20,UNI-ROYAL(Uniroyal Elec),0201WMF1003TEE,0201WMF1003TEE,C270364,0201,yes,R_0201_0603Metric,yes,verified,not-required,active,2026-10-08T12:19Z,400705,1,0.0015,USD,Extended,0.03,0,0.0,0.03,https://www.lcsc.com/product-detail/C270364.html,any 100k 1% 0201,no,,no,no,PASS,https://www.lcsc.com/product-detail/C270364.html
U1,U1 STM32U575CIU6Q,1,5,5,5,STMicroelectronics,STM32U575CIU6Q,STM32U575CIU6Q,C5271013,UFQFPN-48 7x7,yes,QFN-48-1EP_7x7mm_P0.5mm_EP5.6x5.6mm,yes,verified,not-required,active,2026-10-08T12:19Z,14,1,9.024,USD,Extended,45.12,0,3.0,48.12,https://www.lcsc.com/product-detail/C5271013.html,"none: STM32U575CIU6Q only; stock 14 on 2026-10-08, buy-at-freeze (see note)",no,,yes,yes,USER_REVIEW,https://www.lcsc.com/product-detail/C5271013.html
Y1,Y1 32.768k 7pF,1,5,5,5,Seiko Epson,X1A0000610006,X1A0000610006,C99009,2.0x1.2mm,yes,Crystal_SMD_2012-2Pin_2.0x1.2mm,yes,verified,not-required,active,2026-10-08T12:19Z,22874,1,0.2125,USD,Extended,1.0625,0,3.0,4.0625,https://www.lcsc.com/product-detail/C99009.html,none: 7pF 2012 crystal; re-pick only with C11/C12 recalculated,no,,yes,yes,PASS,https://www.lcsc.com/product-detail/C99009.html
