ref_role,mpn,lcsc,manufacturer,package,library_class,stock,price_usd,queried_utc,datasheet_url,status,notes
U_LDO 3.0V main rail,TPS7A2030PDQNR,C5220164,Texas Instruments,X2SON-4(1x1),Extended,3286,0.2175,2026-09-30T06:49Z,https://www.ti.com/lit/ds/symlink/tps7a20.pdf,RECOMMENDED,"TPS7A20 fixed 3.0 V, P = active discharge. 6.5 uA Iq typ; 7 uVrms; 140 mV max dropout @300 mA (~70 mV @150 mA scaled); ICL 360 mA min; SBVS338H Jul 2024"
U_LDO 3.0V main rail,RT9080-30GJ5,C965900,Richtek Tech,TSOT-23-5,Extended,3329,0.161,2026-09-30T06:48Z,https://www.lcsc.com/datasheet/lcsc_datasheet_2012102110_Richtek-Tech-RT9080-30GJ5_C965900.pdf,ALTERNATE,RT9080: 2 uA Iq; 42 uVrms; 310 mV typ/530 mV max @600 mA; ILIM 610 mA min; use if bridge peaks exceed ~300 mA; DS9080-07 May 2018
Q_BRIDGE N+P pair x2,PMCXB290UEZ,C19654206,Nexperia,DFN1010B-6,Extended,5000,0.1706,2026-09-30T06:48Z,https://assets.nexperia.com/documents/data-sheet/PMCXB290UE.pdf,RECOMMENDED,Nexperia 1.1x1.0 mm. Rds typ @3.0 V (interp.) N 0.34 / P 0.88 ohm; Qg 0.6/0.6 nC @4.5 V (~0.37 each @3 V est.); Vth 0.45-1.0 V. EasyEDA has no footprint for this LCSC no.: draw SOT1216 per datasheet Fig.32 (EasyEDA SOT1216 pads 0.16x0.20 are smaller than Nexperia). SPICE model: manual download (site bot-wall)
Q_BRIDGE N+P pair x2,DMC2400UV-7,C177025,Diodes Incorporated,SOT-563,Extended,113,0.0764,2026-09-30T06:48Z,https://www.diodes.com/assets/Datasheets/DMC2400UV.pdf,ALTERNATE,"Genuine Diodes Inc. Lowest Qg (0.5 nC @4.5 V; model 0.24 nC N @3 V). Rds @3.0 V N 0.43 / P 0.85 typ. STOCK ONLY 113. SPICE model in sim/spice/models/DMC2400UV.lib. C2940616 is a TECH PUBLIC clone, not Diodes"
Q_BRIDGE N+P pair x2,NTZD3155CT1G,C236117,onsemi,SOT-563,Extended,8788,0.1684,2026-09-30T06:48Z,https://wmsc.lcsc.com/wmsc/upload/file/pdf/v2/lcsc/2208241700_onsemi-NTZD3155CT1G_C236117.pdf,ALTERNATE,onsemi. Rds @3.0 V N 0.48 / P 0.58 typ (lowest); Qg 1.5/1.7 nC @4.5 V = ~0.8 mA gate-drive at 200 kHz vs ~0.2-0.3 mA. SPICE model blocked by onsemi site
L_SMPS 2.2uH VLXSMPS-VDD11,DFE201610E-2R2M=P2,C337891,Murata Electronics,0806,Extended,2786,0.1366,2026-09-30T06:48Z,https://www.lcsc.com/datasheet/lcsc_datasheet_2304140030_Murata-Electronics-DFE201610E-2R2M-P2_C337891.pdf,RECOMMENDED,"Murata metal-alloy, shielded, 2.0x1.6x1.0 mm. DCR ~140 mOhm, Isat 2.4 A (ST: L 2.2 uH +-20%, Isat>0.5 A, DCR<200 mOhm, DS13737 Rev 8 5.1.6). Magnetostriction not published"
L_SMPS 2.2uH VLXSMPS-VDD11,TFM201610ALM-2R2MTAA,C695610,TDK,0806,Extended,401,0.3253,2026-09-30T06:48Z,https://www.lcsc.com/datasheet/lcsc_datasheet_2009111607_TDK-TFM201610ALM-2R2MTAA_C695610.pdf,ALTERNATE,TDK thin-film metal 2.0x1.6x1.0; DCR 130 typ/146 max mOhm; Isat 2.4/2.6 A. Only 401 stock
C_VDD11 2x2.2uF,CL05A225KP5NSNC,C107369,Samsung Electro-Mechanics,0402,Extended,877991,0.0129,2026-09-30T06:48Z,https://datasheet.lcsc.com/lcsc/1811151158_Samsung-Electro-Mechanics-CL05A225KP5NSNC_C107369.pdf,RECOMMENDED,"2x per MCU; ST requires >=10 V rating, ESR<20 mOhm @3 MHz. 0402 10 V X5R (Extended); Basic 0402 C12530 is only 6.3 V"
C_VDD11 2x2.2uF,CL10A225KO8NNNC,C23630,Samsung Electro-Mechanics,0603,Basic,2605124,0.0181,2026-09-30T06:48Z,https://www.lcsc.com/datasheet/lcsc_datasheet_2304140030_Samsung-Electro-Mechanics-CL10A225KO8NNNC_C23630.pdf,ALTERNATE,Basic option: 0603 16 V X5R (bigger)
C_VDDSMPS 10uF,CL10A106KP8NNNC,C19702,Samsung Electro-Mechanics,0603,Basic,10519935,0.0319,2026-09-30T06:48Z,https://www.lcsc.com/datasheet/lcsc_datasheet_2304140030_Samsung-Electro-Mechanics-CL10A106KP8NNNC_C19702.pdf,RECOMMENDED,"ST: 10 uF +-20%, >=10 V, ESR<10 mOhm @3 MHz. Basic 0603 10 V X5R"
C_VDDSMPS 10uF,CL05A106MP5NUNC,C315248,Samsung Electro-Mechanics,0402,Extended,524766,0.0288,2026-09-30T06:48Z,https://wmsc.lcsc.com/wmsc/upload/file/pdf/v2/lcsc/2312201433_Samsung-Electro-Mechanics-CL05A106MP5NUNC_C315248.pdf,ALTERNATE,"0402 10 V X5R, Extended (smaller)"
Y_LSE 32.768kHz,Q13FC13500004,C32346,Seiko Epson,SMD3215-2P,Basic,467179,0.1717,2026-09-30T06:48Z,https://www.lcsc.com/datasheet/lcsc_datasheet_2404180925_Seiko-Epson-Q13FC13500004_C32346.pdf,RECOMMENDED,"Epson FC-135 3.2x1.5, CL 12.5 pF, ESR 70 k max, C0 1 pF. gm_crit 2.16 uA/V -> needs LSEDRV=11 (high, Gmcritmax 2.7). Load caps 2x15 pF C0G (C1548)"
Y_LSE 32.768kHz,Q13FC13500002,C48615,Seiko Epson,SMD3215-2P,Extended,34217,0.1858,2026-09-30T06:48Z,https://www.lcsc.com/datasheet/lcsc_datasheet_2304140030_Seiko-Epson-Q13FC13500002_C48615.pdf,ALTERNATE,"FC-135 CL 7 pF: gm_crit 0.76 uA/V, runs at medium-high drive with 2.2x margin. Load caps ~2x5.6 pF (bench-trim). Extended"
Y_LSE 32.768kHz,X1A0000610002,C55208,Seiko Epson,SMD2012-2P,Extended,22457,0.2386,2026-09-30T06:49Z,https://www.lcsc.com/datasheet/lcsc_datasheet_1810051107_Seiko-Epson-X1A0000610002_C55208.pdf,REJECTED,"FC-12M 2.0x1.2, CL 12.5 pF, ESR 90 k: gm_crit ~2.9 uA/V > U575 Gmcritmax 2.7 at highest drive"
C_LSE load 2x15pF C0G,0402CG150J500NT,C1548,FH (Guangdong Fenghua Advanced Tech),0402,Basic,1445152,0.0038,2026-09-30T06:48Z,https://www.lcsc.com/datasheet/lcsc_datasheet_2304140030_FH--Guangdong-Fenghua-Advanced-Tech-0402CG150J500NT_C1548.pdf,RECOMMENDED,"C = 2x(CL - Cstray); CL 12.5 pF, Cstray ~3 pF CS_PARA + ~1.5 pF board -> 16 pF -> 15 pF"
SW_BUTTON,KXT321LHS,C221821,C&K,"SMD,3x2mm",Extended,6982,0.1672,2026-09-30T06:48Z,https://www.lcsc.com/datasheet/lcsc_datasheet_2304140030_C-K-KXT321LHS_C221821.pdf,RECOMMENDED,"C&K KXT321LHS 3.0x2.0x0.6 mm top-actuated, 1.6 N"
SW_BUTTON,B3U-1000P,C231329,Omron Electronics,"SMD,3x2.5mm",Extended,143617,0.1865,2026-09-30T06:48Z,https://omronfs.omron.com/en_US/ecb/products/pdf/en-b3u.pdf,ALTERNATE,"Omron B3U-1000P 3.0x2.5x1.6 mm top-actuated, 1.53 N; huge stock"
SW_BUTTON,TS-1086E-AC03526,C720473,XUNPU,"SMD,4.6x1.8mm",Extended,4171,0.0634,2026-09-30T06:48Z,https://www.lcsc.com/datasheet/lcsc_datasheet_2008141237_XUNPU-TS-1086E-AC03526_C720473.pdf,ALTERNATE,"XUNPU TS-1086E side-actuated 4.6x1.8 mm, 2.6 N; for a push through the pod side wall"
D_ESD VBUS pogo,ESD9X5.0ST5G,C87910,onsemi,SOD-923,Extended,43942,0.0478,2026-09-30T06:48Z,https://www.lcsc.com/datasheet/lcsc_datasheet_1809201305_onsemi-ESD9X5-0ST5G_C87910.pdf,RECOMMENDED,"onsemi ESD9X5.0ST5G unidirectional 5 V, SOD-923 1.0x0.6; clamps a reversed supply to ~-0.7 V"
D_REVERSE VBUS series,1N5819WS,C191023,Guangdong Hottech,SOD-323,Basic,4845364,0.0137,2026-09-30T06:48Z,https://www.lcsc.com/datasheet/lcsc_datasheet_2409300937_Guangdong-Hottech-1N5819WS_C191023.pdf,ALTERNATE,"Only if the magnetic connector is not polarity-keyed: Schottky in series, ~0.3 V drop at 45 mA; Basic. Maker is Hottech (Chinese); check Vf at 50 mA on bench"
D_ESD transducer leads x2,"PESD5V0S1BL,315",C84374,Nexperia,DFN1006-2,Extended,122523,0.0334,2026-09-30T06:48Z,https://www.lcsc.com/datasheet/lcsc_datasheet_2407241045_Nexperia-PESD5V0S1BL-315_C84374.pdf,RECOMMENDED,"Nexperia PESD5V0S1BL bidirectional 5 V, 5 nA leakage, 35 pF (~60 uW CV2f at 200 kHz per lead), DFN1006 1.0x0.6"
D_ESD transducer leads x2,TPD1E10B06DPYR,C48260,Texas Instruments,X1-SON-2(0.6x1),Extended,286460,0.0417,2026-09-30T06:48Z,https://www.ti.com/lit/ds/symlink/tpd1e10b06.pdf,ALTERNATE,"TI TPD1E10B06 bidirectional 6 V, 12 pF, 100 nA max leak, 0.6x1.0"
U_CHARGER,MCP73831T-2ACI/OT,C424093,Microchip Tech,SOT-23-5,Extended,9477,0.7818,2026-09-30T06:49Z,https://www.lcsc.com/datasheet/lcsc_datasheet_1912111437_Microchip-Tech-MCP73831T-2ACI-OT_C424093.pdf,RECOMMENDED,"Carried from spec B3; RPROG 22k -> 45 mA (IREG = 1000 V / RPROG, DS20001984H)"
R_PROG 22k,0402WGF2202TCE,C25768,UNI-ROYAL(Uniroyal Elec),0402,Basic,849822,0.0024,2026-09-30T06:49Z,https://www.lcsc.com/datasheet/lcsc_datasheet_2206010100_UNI-ROYAL-Uniroyal-Elec-0402WGF2202TCE_C25768.pdf,RECOMMENDED,MCP73831 45.5 mA = 0.41-0.45C for 100-110 mAh
R_GATE_PULL 100k x4,0402WGF1003TCE,C25741,UNI-ROYAL(Uniroyal Elec),0402,Basic,8385624,0.0024,2026-09-30T06:49Z,https://www.lcsc.com/datasheet/lcsc_datasheet_2206010100_UNI-ROYAL-Uniroyal-Elec-0402WGF1003TCE_C25741.pdf,RECOMMENDED,"P-gate pull-ups, N-gate pull-downs (D6). Costs ~60 uA while switching (4 x 30 uA x 50%). Do not go to 1M: max IGSS 0.5-1 uA x 1M = 0.5-1 V, near Vth min"
C_DECOUPLE 100nF,CL05B104KO5NNNC,C1525,Samsung Electro-Mechanics,0402,Basic,22343254,0.0045,2026-09-30T06:48Z,https://www.lcsc.com/datasheet/lcsc_datasheet_2304140030_Samsung-Electro-Mechanics-CL05B104KO5NNNC_C1525.pdf,RECOMMENDED,0402 16 V X7R Basic
C_DECOUPLE 1uF,CL05A105KA5NQNC,C52923,Samsung Electro-Mechanics,0402,Basic,5748905,0.0099,2026-09-30T06:48Z,https://www.lcsc.com/datasheet/lcsc_datasheet_2304140030_Samsung-Electro-Mechanics-CL05A105KA5NQNC_C52923.pdf,RECOMMENDED,"0402 25 V X5R Basic (LDO in/out, VDDA)"
C_DECOUPLE 4.7uF,CL05A475MP5NRNC,C23733,Samsung Electro-Mechanics,0402,Basic,2398766,0.0166,2026-09-30T06:49Z,https://www.lcsc.com/datasheet/lcsc_datasheet_2304140030_Samsung-Electro-Mechanics-CL05A475MP5NRNC_C23733.pdf,RECOMMENDED,0402 10 V X5R Basic (MCU VDD bulk)
C_DECOUPLE 10uF,CL05A106MQ5NUNC,C15525,Samsung Electro-Mechanics,0402,Basic,9181307,0.0256,2026-09-30T06:49Z,https://www.lcsc.com/datasheet/lcsc_datasheet_2208231630_Samsung-Electro-Mechanics-CL05A106MQ5NUNC_C15525.pdf,RECOMMENDED,0402 6.3 V X5R Basic; at 3 V bias expect ~40-50% of nominal
C_BULK 22uF 3.0V rail,CL10A226MQ8NRNC,C59461,Samsung Electro-Mechanics,0603,Basic,8045146,0.0311,2026-09-30T06:49Z,https://www.lcsc.com/datasheet/lcsc_datasheet_2304140030_Samsung-Electro-Mechanics-CL10A226MQ8NRNC_C59461.pdf,RECOMMENDED,0603 6.3 V X5R Basic; covers bridge current peaks above the LDO limit
C_C0G 22pF,0402CG220J500NT,C1555,FH (Guangdong Fenghua Advanced Tech),0402,Basic,1581573,0.0042,2026-09-30T06:49Z,https://www.lcsc.com/datasheet/lcsc_datasheet_2304140030_FH--Guangdong-Fenghua-Advanced-Tech-0402CG220J500NT_C1555.pdf,RECOMMENDED,Class-1 C0G for filters near the mic (PDM clock/data RC)
C_C0G 100pF,0402CG101J500NT,C1546,FH (Guangdong Fenghua Advanced Tech),0402,Basic,3253806,0.0042,2026-09-30T06:49Z,https://www.lcsc.com/datasheet/lcsc_datasheet_2304140030_FH--Guangdong-Fenghua-Advanced-Tech-0402CG101J500NT_C1546.pdf,RECOMMENDED,"Class-1 C0G, Basic"
