block,part,ref,source,qty_per_pod,unit_usd,per_pod_usd,status,note
MCU,STM32U575CIU6Q,U1,C5271013,1,8.9281,8.93,rev C,ONLY 8 IN STOCK at JLC 2026-10-01: buy/reserve early
Mic,SPH0641LU4H-1,U2,C2879853,1,1.9915,1.99,rev C,ultrasonic PDM mic
Clock,32.768 kHz crystal,Y1,C32346,1,0.1717,0.17,rev C,
MCU,2.2 uH inductor DFE201610E,L1 (SMPS),C337891,1,0.1366,0.14,rev C,
Bridge,PMCXB290UE N+P pair,"Q1, Q2",C19654206,2,0.1706,0.34,rev C,footprint must be redrawn (Nexperia Fig. 32)
Charger,"BQ25180YBGR (NTC/JEITA, power path, I2C)",U3,C3682423,1,2.0419,2.04,O16,replaces MCP73832
Charger,MCP73832-2-OT,U3 (old),C38066,0,0.9492,0.00,rev C (removed),qty 0 after O16
Charger,NTC 10k B3435 NCP15XH103F03RC,RT1 (on cell),C77131,1,0.0199,0.02,O16,
Power,TPS7A2030 3.0 V LDO,U4,C5220164,1,0.2175,0.22,rev C,input moves to VSYS
Protect,1N5819WS (reverse docking),D4,C191023,1,0.0137,0.01,O16,
Protect,ESD9X5.0ST5G (VBUS),D3,C87910,1,0.0478,0.05,rev C,
Protect,PESD5V0S1BL (bridge outputs),"D1, D2",C84374,2,0.0334,0.07,rev C,
USB,TPD2E2U06DRLR (D+/D- ESD),U6,C1972959,1,0.3224,0.32,O16,USB FS on PA11/PA12
UI,C&K KMT031NGJLHS IP68 switch,SW1,C221708,1,0.3821,0.38,O16,replaces KXT321; sealed
Passives,0402/0603 capacitors (Basic),C*,various,22,0.0120,0.26,rev C+O16,~22 parts
Passives,0402 resistors (Basic),R*,various,18,0.0030,0.05,rev C+O16,~18 parts
Pad board,Everlight 16-213/BHC-AN1P2 blue 0402 LED,LED1,C131223,1,0.0291,0.03,O8,on the tiny pad board
Cell,"Renata ICP501233PA-02, 175 mAh, PCM",BT1,Mouser / Renata,1,TBD,TBD,O16,price + stock to confirm; ship by ground
Cell,Adafruit #1570 105 mAh (bench stand-in),BT1 alt,Adafruit / Digi-Key,0,5.9500,0.00,option,set qty 1 for early bench tests
Transducer,RC-BC02 bone-conduction exciter,XDCR,marketplace,1,TBD,TBD,rev C,buy 3+ from two listings (specs disagree)
Connector,magnetic pogo pair (pre-built) + own magnets,J-dock,TBD (research stopped),1,TBD,TBD,O16,USB-C fallback space reserved
Arm,NiTi superelastic wire 0.75 mm,arm,Kellogg's W-NITI-0.75-SE,0.1,13.4900,1.35,O7b,$13.49 per 5 ft (~76 arms)
Arm,"Litz 7/44 served, 0.21 mm",4 conductors,elecify.com,0.05,0.7100,0.04,O11,$0.71 per 10 m
Arm,M1.4 set screw,NiTi lock,Polar Bear / FastenerMart,2,0.1600,0.32,O16,pack price spread
Pad,M1.2 cup screw,cup closure,micro-screw kit,1,0.1000,0.10,O16,screws OK on the cup
Pad,Sugru (or pre-made pad),contact face,retail,0.1,20.0000,2.00,O16,~$20 per pack; tiny amount per pad
Housing,Tough/ABS-like resin,"tub, lid, adapter, pad",Siraya Tech Blu 1 kg,0.01,32.6500,0.33,O16,owner already prints resin
