board,ref,footprint,side,kicad_rot_deg,"pin1_offset_from_origin_mm(board x right, y down)"
,U1,QFN-48-1EP_7x7mm_P0.5mm_EP5.6x5.6mm,B.Cu,-90,"-2.75,-3.44"
,U2,Knowles_LGA-5_3.5x2.65mm_Port0.65,B.Cu,90,"+1.30,+0.84"
,U3,DSBGA-8_L1.6-W0.9-R2-C4-P0.40-BL,B.Cu,90,"-0.20,+0.60"
,U4,X2SON-4_L1.0-W1.0-P0.65-TL-EP,B.Cu,180,"+0.43,-0.32"
,U6,SOT-553-5_L1.6-W1.2-P0.50-LS1.6-TL-1,B.Cu,180,"+0.70,-0.50"
,Q1,Nexperia_SOT1216_DFN1010B-6,B.Cu,0,"-0.35,-0.42"
,Q2,Nexperia_SOT1216_DFN1010B-6,B.Cu,0,"-0.35,-0.42"
,D4,D_SOD-882,B.Cu,0,"-0.35,+0.00"
,D5,X1SON-2_L1.0-W0.6-P0.65-BI-1,B.Cu,180,"+0.50,+0.00"
,SW1,SW-SMD_4P-L3.0-W2.6-P1.85-LS3.4,F.Cu,0,"-1.50,-0.93"
,Y1,Crystal_SMD_2012-2Pin_2.0x1.2mm,B.Cu,90,"+0.00,+0.70"
,L1,L0806,B.Cu,-90,"+0.00,-1.00"
