Comment,Designator,Footprint,LCSC Part #
100n,"C13,C19",C_0201_0603Metric,C76934
4u7 25V,C15,C_0402_1005Metric,C2858031
2u2 10V,C16,C_0201_0603Metric,C318539
1u 16V,C17,C_0201_0603Metric,C318540
1u,C18,C_0402_1005Metric,C52923
10u,C21,C_0402_1005Metric,C315248
PMEG3005EL,D4,D_SOD-882,C282565
TPD1E10B06DPYR,D5,X1SON-2_L1.0-W0.6-P0.65-BI-1,C48260
BM28B0.6-30DS/2-0.35V(51),J20,BM28B0.6-30DP_2-0.35V,C424571
2k2,"R10,R14",R_0201_0603Metric,C473508
100k,"R12,R13",R_0201_0603Metric,C270364
10k,"R15,R16",R_0201_0603Metric,C473048
0,R20,R_0402_1005Metric,C17168
33,R30,R_0402_1005Metric,C25105
1M,"R8,R9",R_0201_0603Metric,C473482
10k B3435,RT1,R_0201_0603Metric,C98098
KMT022NGJLHS,SW1,SW-SMD_4P-L3.0-W2.6-P1.85-LS3.4,C221707
SPH0641LU4H-1,U2,Knowles_LGA-5_3.5x2.65mm_Port0.65,C2879853
BQ25180YBGR,U3,DSBGA-8_L1.6-W0.9-R2-C4-P0.40-BL,C3682423
TPS7A2030PDQNR,U4,X2SON-4_L1.0-W1.0-P0.65-TL-EP,C5220164
TPD2E2U06DRLR,U6,SOT-553-5_L1.6-W1.2-P0.50-LS1.6-TL-1,C1972959
