Designator,Mid X,Mid Y,Layer,Rotation
C1,14.3300mm,-7.7800mm,Bottom,90
C2,5.2300mm,-1.3800mm,Top,90
C3,14.4300mm,-1.3800mm,Bottom,90
C4,4.8000mm,-9.1500mm,Bottom,90
C5,6.4400mm,-9.9900mm,Bottom,90
C6,7.9800mm,-9.4300mm,Bottom,0
C7,4.8000mm,-6.0500mm,Bottom,270
C8,14.5400mm,-5.9900mm,Bottom,90
C9,14.4400mm,-5.9900mm,Top,90
C10,7.9800mm,-10.2300mm,Bottom,0
C11,11.9300mm,-10.1800mm,Top,90
C12,9.3300mm,-10.1800mm,Bottom,90
C14,3.2100mm,-10.3500mm,Bottom,90
C22,5.2300mm,-4.9800mm,Top,90
J21,9.8000mm,-6.0000mm,Top,180
L1,4.5300mm,-2.7300mm,Bottom,90
Q1,2.2800mm,-10.3300mm,Top,0
Q2,1.6800mm,-10.3300mm,Bottom,0
R1,14.5500mm,-4.0100mm,Bottom,90
R2,14.3300mm,-3.0800mm,Top,90
R3,1.1300mm,-10.0800mm,Top,90
R4,3.7800mm,-11.3300mm,Top,0
R5,0.5300mm,-9.9800mm,Bottom,90
R6,5.2800mm,-10.9300mm,Top,0
R21,4.6100mm,-6.2500mm,Top,0
R22,4.4300mm,-4.9800mm,Top,90
R23,4.8800mm,-3.8300mm,Top,0
U1,9.8000mm,-4.8000mm,Bottom,0
Y1,11.2700mm,-10.1700mm,Bottom,0
