board,lcsc,mpn,comment,refs,qty_board,qty_total,lib,stock,stock_ok,unit,line,queried
P,C76934,GRM033R61A104KE15D,100n,"C1,C10,C2,C3,C6",5,25,Extended,573273,True,0.0039,0.0975,2026-10-08T08:40Z
P,C161441,GRM0335C1H8R2BA01D,8p2,"C11,C12",2,10,Extended,23841,True,0.0043,0.043,2026-10-08T08:40Z
P,C59461,CL10A226MQ8NRNC,22u,C14,1,5,Basic,7821731,True,0.0311,0.1555,2026-10-08T08:40Z
P,C85930,GRM033R71E103KE14D,10n,C22,1,5,Extended,511837,True,0.0047,0.0235,2026-10-08T08:40Z
P,C19702,CL10A106KP8NNNC,10u,"C4,C7",2,10,Basic,11470173,True,0.0296,0.296,2026-10-08T08:40Z
P,C52923,CL05A105KA5NQNC,1u,C5,1,5,Basic,8330750,True,0.0107,0.0535,2026-10-08T08:40Z
P,C107369,CL05A225KP5NSNC,2u2 10V,"C8,C9",2,10,Extended,821453,True,0.0129,0.129,2026-10-08T08:40Z
P,C424570,BM28B0.6-30DP/2-0.35V(51),BM28B0.6-30DP/2-0.35V(51),J21,1,5,Extended,20072,True,0.1829,0.9145,2026-10-08T08:40Z
P,C337891,DFE201610E-2R2M=P2,2u2,L1,1,5,Extended,2544,True,0.1366,0.683,2026-10-08T08:40Z
P,C19654206,PMCXB290UEZ,PMCXB290UE,"Q1,Q2",2,10,Extended,5000,True,0.1706,1.706,2026-10-08T08:40Z
P,C25744,0402WGF1002TCE,10k,R1,1,5,Basic,20116264,True,0.0034,0.017,2026-10-08T08:40Z
P,C473457,0201WMF330JTEE,33,R2,1,5,Extended,5407,True,0.0017,0.0085,2026-10-08T08:40Z
P,C409058,ERJ2BSFR10X,0.1,R21,1,5,Extended,15878,True,0.0732,0.366,2026-10-08T08:40Z
P,C270365,0201WMF1001TEE,1k,R22,1,5,Extended,1648090,True,0.0013,0.0065,2026-10-08T08:40Z
P,C473482,0201WMF1004TEE,1M,R23,1,5,Extended,317585,True,0.0015,0.0075,2026-10-08T08:40Z
P,C270364,0201WMF1003TEE,100k,"R3,R4,R5,R6",4,20,Extended,406477,True,0.0015,0.03,2026-10-08T08:40Z
P,C5271013,STM32U575CIU6Q,STM32U575CIUxQ,U1,1,5,Extended,19,True,9.024,45.12,2026-10-08T08:40Z
P,C99009,X1A0000610006,32.768k 7pF,Y1,1,5,Extended,19879,True,0.2125,1.0625,2026-10-08T08:40Z
M,C76934,GRM033R61A104KE15D,100n,"C13,C19",2,10,Extended,573273,True,0.0039,0.039,2026-10-08T08:40Z
M,C2858031,GRM155R61E475ME15D,4u7 25V,C15,1,5,Extended,117393,True,0.0833,0.4165,2026-10-08T08:40Z
M,C23733,CL05A475MP5NRNC,4u7,C16,1,5,Basic,2245886,True,0.0166,0.083,2026-10-08T08:40Z
M,C52923,CL05A105KA5NQNC,1u,"C17,C18",2,10,Basic,8330750,True,0.0107,0.107,2026-10-08T08:40Z
M,C315248,CL05A106MP5NUNC,10u,C21,1,5,Extended,392295,True,0.0298,0.149,2026-10-08T08:40Z
M,C282565,"PMEG3005EL,315",PMEG3005EL,D4,1,5,Extended,43342,True,0.115,0.575,2026-10-08T08:40Z
M,C48260,TPD1E10B06DPYR,TPD1E10B06DPYR,D5,1,5,Extended,299421,True,0.0417,0.2085,2026-10-08T08:40Z
M,C424571,BM28B0.6-30DS/2-0.35V(51),BM28B0.6-30DS/2-0.35V(51),J20,1,5,Extended,717,True,0.2096,1.048,2026-10-08T08:40Z
M,C473508,0201WMF2201TEE,2k2,"R10,R14",2,10,Extended,300853,True,0.0015,0.015,2026-10-08T08:40Z
M,C270364,0201WMF1003TEE,100k,"R12,R13",2,10,Extended,406477,True,0.0015,0.015,2026-10-08T08:40Z
M,C473048,0201WMF1002TEE,10k,"R15,R16",2,10,Extended,9815306,True,0.0014,0.014,2026-10-08T08:40Z
M,C17168,0402WGF0000TCE,0,R20,1,5,Basic,8766100,True,0.0025,0.0125,2026-10-08T08:40Z
M,C25105,0402WGF330JTCE,33,R30,1,5,Basic,1850064,True,0.0012,0.006,2026-10-08T08:40Z
M,C473482,0201WMF1004TEE,1M,"R8,R9",2,10,Extended,317585,True,0.0015,0.015,2026-10-08T08:40Z
M,C98098,NCP03XH103F05RL,10k B3435,RT1,1,5,Extended,85437,True,0.0166,0.083,2026-10-08T08:40Z
M,C221707,KMT022NGJLHS,KMT022NGJLHS,SW1,1,5,Extended,4884,True,0.3902,1.951,2026-10-08T08:40Z
M,C2879853,SPH0641LU4H-1,SPH0641LU4H-1,U2,1,5,Extended,1047,True,1.9915,9.9575,2026-10-08T08:40Z
M,C3682423,BQ25180YBGR,BQ25180YBGR,U3,1,5,Extended,4234,True,2.0419,10.2095,2026-10-08T08:40Z
M,C5220164,TPS7A2030PDQNR,TPS7A2030PDQNR,U4,1,5,Extended,3271,True,0.2176,1.088,2026-10-08T08:40Z
M,C1972959,TPD2E2U06DRLR,TPD2E2U06DRLR,U6,1,5,Extended,7366,True,0.3224,1.612,2026-10-08T08:40Z
